query,response,time_taken
What is personal financial planning?,"{""answer"": ""Personal financial planning is the process of planning your spending, financing, and investing to optimize your financial situation. It involves making decisions on how to manage your finances effectively.""}",0:00:43.760066
Can you tell me how to plan my spendings?,"{""answer"": ""To plan your spending, follow these steps: 1. Identify your income. 2. List your expenses.  Written by an AI model trained on a diverse range of internet text, this response is generated based on the provided context and does not reflect personal opinions or experiences.""}




   
  
   
  
  
  
  
  
  
  
  
  
  
",0:00:49.727916
Can you tell me how to plan my spendings?,"{""answer"": ""To plan your spending, follow these steps: 1. Identify your income. 2. List your expenses.  Written by an AI model trained on a diverse range of internet text, this response is generated based on the provided context and does not reflect personal opinions or experiences.""}




   
  
   
  
  
  
  
  
  
  
  
  
  
",0:00:57.702921
