Query,Response,Time_taken
Can you tell me how to split my investments?,"{'answer': 'To achieve investment diversification, include a variety of assets such as stocks, bond mutual funds, real estate, and collectibles like rare coins. However, the specific way to split your investments depends on individual needs and goals.'}",0:00:11.770981
Can you tell me how to split my investments?,"{'answer': 'To achieve investment diversification, include a variety of assets such as stocks, bond mutual funds, real estate, and collectibles like rare coins. However, the specific way to split your investments depends on individual needs and goals.'}",0:00:37.718936
What is personal financial planning?,"{'answer': 'Personal financial planning is the process of managing your money to achieve personal economic satisfaction, involving decisions about spending, financing, and investing to optimize your financial situation.'}",0:00:36.274341
Why is financial planning important?,"{'answer': 'Financial planning is crucial as it ensures budgeting, provides direction for future goals, improves decision-making regarding spending and investments, and enhances net worth. It also prepares individuals to meet life events financially.'}",0:00:30.944717
What are the key steps in the financial planning process?,"{'answer': 'The key steps in the financial planning process include defining goals, assessing the current situation, identifying choices, evaluating those choices, and finally choosing.'}",0:00:28.218979
How much should I save for emergencies?,"{'answer': 'It is recommended to have three to six months of living expenses saved, but aiming to stash away at least $1,000 is a good starting point. Keep the money easily accessible.'}",0:00:56.427982
How can I pay off debt effectively?,"{'answer': 'To pay off debt effectively, consider consolidating loans for lower interest rates, limiting credit card usage to one or two major cards, and focusing on high-interest debts first. Paying off debt provides a significant return on investment compared to other savings options. Additionally, creating a budget plan can help manage monthly payments within affordable limits.'}",0:00:54.758190
How should I plan for retirement?,"{'answer': ""To plan for retirement, consider integrating personalized income plans into your overall strategy and account for factors like caring for elderly parents or consolidating financial accounts. Set clear goals such as saving enough from a 401(k) for family trips every three years while using Social Security benefits primarily for living needs. It's never too late to start, so define your retirement vision and begin saving accordingly.""}",0:01:17.265305
Do I need a financial planner?,"{'answer': 'Whether you need a financial planner depends on your individual needs and circumstances. If you have complex financial goals, debts to manage, or lack experience in financial planning, consulting a professional can be beneficial. However, if you are comfortable making decisions about investments and savings after consultation with a professional, working solely on an advisory basis may suffice.'}",0:00:56.861803
How often should I review my financial plan?,"{'answer': 'You should regularly assess your financial decisions, ideally doing a complete review of your finances at least once a year. However, changing personal, social, and economic factors may require more frequent assessments.'}",0:00:54.613455
What should I consider when planning for my child's education?,"{'answer': ""When planning for your child's education, you should evaluate all education funding options that both you and your child can take advantage of, from savings plans to scholarships. Consider real numbers for each type of school your child may attend, and encourage them to save their allowance or birthday money.""}",0:00:45.718405
How can I improve my credit score?,"{'answer': 'To improve your credit score, pay bills on time and in full, avoid using all available credit, limit new lines of credit, prioritize debt repayment starting from bad debts, understand different types of credit, and consider debt consolidation if it meets certain criteria.'}",0:00:40.344772
what is debt consolidation?,"{'answer': 'Debt consolidation is a process that involves taking out a new loan to pay off multiple existing debts, often resulting in lower overall interest rates and simplified monthly payments.'}",0:00:42.767275
what is debt consolidation?,"{'answer': 'Debt consolidation is a process that involves taking out a new loan to pay off multiple existing debts, often resulting in lower overall interest rates and simplified monthly payments.'}",0:01:09.442106
What is a futures contract?,"{'answer': 'A future is an obligating financial contract that buyers and sellers agree to buy or sell commodities or financial instruments at a pre-decided price and date in the future. The price, quality, and quantity of the products are fixed when the contract is made.'}",0:00:41.390790
What is a forward contract?,"{'answer': 'Forward contracts are financial instruments whose value is derived from the value of another security, traded privately between seller and buyer.'}",0:00:26.712653
What is the role of a clearinghouse in futures trading?,{'answer': 'No answer'},0:00:29.252554
What is margin trading?,"{'answer': 'Margin trading allows you to trade in amounts exceeding the cash available in your account, effectively borrowing from your broker to complete the financing of the trade. The investor is said to be ‘trading on margin’.'}",0:00:42.303012
What is a margin call?,"{'answer': ""A margin call occurs when the value of an investor's margin account falls below the broker'ayer minimum maintenance requirement, prompting the investor to deposit more funds or securities into the account.""}",0:00:31.547232
What is the difference between a call option and a put option?,"{'answer': 'A call option gives buyers the right to purchase financial assets at a specific price within a period, while a put option allows the buyer to sell the asset at that price. A put is in the money when the strike price exceeds market price; conversely, a call is in the money if the strike price is below market price.'}",0:00:41.759154
What is the Black-Scholes model?,{'answer': 'no answer'},0:00:24.587851
What is a swap?,"{'answer': 'A swap, in the context of finance, refers to an agreement between two parties to exchange sequences of cash flows over a set period. It can involve various financial instruments and serves different purposes such as hedging risk or speculating on future changes in interest rates.'}",0:00:27.781929
What is an interest rate swap?,{'answer': 'no answer'},0:00:35.914791
What is a credit default swap (CDS)?,"{'answer': 'A credit default swap (CDS) is an example of financial engineering, specifically a derivative that serves as insurance against defaults on underlying financial instruments.'}",0:00:44.485163
What is an exchange-traded fund (ETF)?,"{'answer': 'An Exchange-Traded Fund (ETF) is a type of investment that combines features of mutual funds and stocks, allowing shares to be traded continuously throughout the day on an exchange. ETFs are structured like closed-end funds but differ in their trading mechanism.'}",0:00:54.569870
What is a money market?,"{'answer': 'The money market refers to markets for liquidity used for relatively short-term, low-risk investments.'}",0:00:38.817351
What is the capital market?,"{'answer': 'The capital market is where capital (cash or assets) is traded, most commonly in the form of stocks and bonds.'}",0:00:22.210296
What is the primary market?,"{'answer': 'The primary market is where companies sell stock for the first time to investors, and it is typically facilitated by an issuer who generally fixes the price.'}",0:00:25.049695
What is the secondary market?,"{'answer': 'The secondary market refers to transactions between subsequent sellers and buyers after a company has gone public, where its stock becomes outstanding or publicly available for trading. It increases liquidity, lowers risk, and transaction costs.'}",0:00:27.194115
What is a bond yield?,"{'answer': 'A bond yield measures the return on investment until maturity or over the term that the bond is held, and it reflects the risk and longer maturity of higher yields.'}",0:00:51.677657
What is the difference between a coupon rate and a yield to maturity?,"{'answer': 'The coupon rate refers to the annual interest payment made by the bond issuer, expressed as a percentage of the face value. Yield to maturity (YTM), on the other hand, is the total return anticipated on a bond if it is held until its maturity date, taking into account both the coupon payments and any capital gain or loss.'}",0:00:40.376640
What is the efficient market hypothesis (EMH)?,"{'answer': 'The Efficient Market Hypothesis (EMH) relies on the idea that investors behave rationally and even when they don’t, their numbers are so great and behavioral biases are so. It assumes that market prices reflect all available information.'}",0:00:33.992573
What is a leveraged buyout (LBO)?,{'answer': 'no answer'},0:00:26.873466
What is the Modigliani-Miller theorem?,{'answer': 'no answer'},0:00:39.046608
What is the Sharpe ratio?,{'answer': 'no answer'},0:00:36.645335
What is beta in finance?,{'answer': 'No answer'},0:00:30.741297
What is alpha in finance?,{'answer': 'no answer'},0:08:59.987260
What is the difference between systematic risk and unsystematic risk?,{'answer': 'No answer'},0:00:46.493553
What is the capital asset pricing model (CAPM)?,{'answer': 'no answer'},0:00:27.702116
What is the difference between a bull market and a bear market?,"{'answer': 'A bull market refers to a period of rising stock prices, while a bear market indicates declining stock prices.'}",0:00:27.848325
What is an annuity?,"{'answer': 'An annuity is a financial product that typically involves installment purchases, retirement investments, savings plans, and payouts. It can be either fixed-rate or variable, offering different benefits such as death benefit for the latter.'}",0:00:34.971806
What is the net present value (NPV)?,"{'answer': 'The Net Present Value (NPV) is calculated using the formula NAV = (market value of fund securities − fund liabilities) ÷ number of shares outstanding. It represents the market value of each share as determined by a fund’s assets, liabilities, and the number of shares that exist.'}",0:00:49.658646
What is the internal rate of return (IRR)?,"{'answer': ""The Internal Rate of Return (IRR) is a discount rate that makes the net present value (NPV) of all cash flows from a particular project equal to zero. It represents the annualized effective compounded return rate which can be earned on the invested capital, i.e., it's the interest rate at which an investment breaks even.""}",0:00:39.940361
What is the payback period?,{'answer': 'The payback period is five years or less.'},0:00:46.091885
What is the difference between the money market and the capital market?,"{'answer': 'The money market is used for relatively short-term, low-risk trading of money, while the capital market is utilized for longer-term, higher-risk trading of money. The different time horizons and risk tolerances of buyers in these markets also contribute to their differences.'}",0:00:42.456819
What is a convertible bond?,{'answer': 'A convertible bond is a corporate bond that can be converted into common equity at maturity or after some specified time.'},0:00:31.990201
What is a zero-coupon bond?,"{'answer': 'A zero-coupon bond offers the lowest coupon rate possible: zero, meaning it pays no interest and repays only its face value at maturity.'}",0:00:46.033615
What is a junk bond?,"{'answer': 'Junk bonds are speculative grade bonds that may not be considered valuable or issued by reputable companies, but they can still hold potential for investors. They are best suited to big investors, though some mutual funds also invest in them, making them accessible to smaller investors.'}",0:00:33.377633
What is a credit rating?,"{'answer': 'A credit rating, also known as a credit score, is calculated by banks and other lenders to determine whether to lend you, how much to lend, and the interest rate. It assesses your financial reliability based on factors such as payment history and debt levels.'}",0:00:46.460607
What is the difference between investment-grade bonds and high-yield bonds?,"{'answer': 'Investment-grade bonds are considered lower risk, offering a stable income but typically have lower yields. High-yield bonds, also known as junk bonds, carry higher risks due to their speculative grade status and offer higher returns.'}",0:00:51.160655
What is the duration of a bond?,"{'answer': 'The duration of a bond can vary depending on its terms to maturity; generally, longer-term bonds are considered riskier due to potential impacts from interest rate changes, inflation, or business cycles.'}",0:00:39.649339
What is convexity in bonds?,{'answer': 'no answer'},0:00:39.278676
What is a callable bond?,"{'answer': 'A callable bond allows the issuer to redeem it before its maturity date, often referred to as being paid off early.'}",0:00:37.868614
What is a puttable bond?,{'answer': 'no answer'},0:00:45.333237
What is a sinking fund?,"{'answer': 'A sinking fund refers to the practice of setting aside money over time for future payments or debt repayment, rather than investing it.'}",0:00:46.581435
What is the difference between a nominal interest rate and a real interest rate?,"{'answer': 'The nominal interest rate refers to the stated or face interest rate on a loan, while the real interest rate adjusts the nominal rate for inflation. The real interest rate reflects the true cost of borrowing and is calculated by subtracting the inflation rate from the nominal interest rate.'}",0:00:33.895114
What is inflation?,"{'answer': 'Inflation is defined as the increase in prices of goods and services over time, leading to a decrease in purchasing power when money loses value due to rising costs.'}",0:00:31.191129
What is deflation?,"{'answer': 'Deflation is a negative inflation rate that falls below 0%, indicating the declining price of goods and services, often occurring during economic recessions due to factors like decreasing money supply, government expenses, consumer demand, and business investment. However, it increases the value of money, allowing consumers to purchase more with the same amount.'}",0:00:39.336615
